{"cameraMode":{"drawMode":0,"name":"Shaded","section":"Shading Mode"},"sceneLighting":true,"audioPlay":false,"sceneViewState":{"showFog":true,"showMaterialUpdate":false,"showSkybox":true,"showFlares":true,"showImageEffects":true,"showParticleSystems":true},"in2DMode":false,"pivot":{"x":9.881711959838868,"y":8.482172966003418,"z":9.527910232543946},"rotation":{"x":-0.018292468041181566,"y":0.4909438192844391,"z":0.0103107625618577,"w":0.8709397315979004},"size":3.9272072315216066,"orthographic":true}